loan_number,note_rate,note_type,loan_amount,investor
LOAN-00001,5.75,GNMA II,613916.36,JPMorgan
LOAN-00002,6.25,GNMA II,610259.27,MorganStanley
LOAN-00003,7.5,GNMA II,505154.61,BankOfAmerica
LOAN-00004,5.5,GNMA II,237419.34,GoldmanSachs
LOAN-00005,5.5,GNMA II,595534.12,MorganStanley
LOAN-00006,7.5,CONV,238717.25,GoldmanSachs
LOAN-00007,6.5,GNMA II,626341.3,JPMorgan
LOAN-00008,7.0,CONV,280067.37,JPMorgan
LOAN-00009,6.75,GNMA II,146777.01,BankOfAmerica
LOAN-00010,6.75,CONV,514682.74,BankOfAmerica
LOAN-00011,7.25,GNMA II,780643.35,CitiBank
LOAN-00012,5.75,CONV,677171.36,GoldmanSachs
LOAN-00013,6.75,GNMA II,587291.72,BankOfAmerica
LOAN-00014,6.25,CONV,789359.49,JPMorgan
LOAN-00015,5.75,CONV,280140.99,MorganStanley
LOAN-00016,6.75,GNMA II,346530.3,JPMorgan
LOAN-00017,6.5,GNMA II,518574.32,JPMorgan
LOAN-00018,7.5,GNMA II,197649.8,CitiBank
LOAN-00019,6.5,GNMA II,572922.26,BankOfAmerica
LOAN-00020,6.25,GNMA II,659632.98,CitiBank
LOAN-00021,6.5,GNMA II,231907.65,GoldmanSachs
LOAN-00022,6.75,GNMA II,551915.84,CitiBank
LOAN-00023,7.25,GNMA II,270713.72,JPMorgan
LOAN-00024,7.5,CONV,617849.94,CitiBank
LOAN-00025,7.0,CONV,237910.95,JPMorgan
LOAN-00026,7.5,CONV,145454.78,BankOfAmerica
LOAN-00027,5.75,GNMA II,531761.15,MorganStanley
LOAN-00028,7.0,GNMA II,357032.46,GoldmanSachs
LOAN-00029,7.25,CONV,779176.43,BankOfAmerica
LOAN-00030,5.75,CONV,633391.09,WellsFargo
LOAN-00031,5.75,CONV,393030.98,CitiBank
LOAN-00032,5.5,CONV,779759.43,JPMorgan
LOAN-00033,7.5,GNMA II,706773.37,WellsFargo
LOAN-00034,7.5,GNMA II,190044.27,JPMorgan
LOAN-00035,7.5,GNMA II,511240.1,CitiBank
LOAN-00036,5.5,GNMA II,748951.0,WellsFargo
LOAN-00037,6.25,GNMA II,253427.55,GoldmanSachs
LOAN-00038,5.75,GNMA II,606973.47,BankOfAmerica
LOAN-00039,7.5,GNMA II,172441.85,CitiBank
LOAN-00040,7.5,GNMA II,270840.77,GoldmanSachs
LOAN-00041,7.0,GNMA II,748817.71,MorganStanley
LOAN-00042,6.25,CONV,367274.46,MorganStanley
LOAN-00043,6.75,CONV,727722.14,CitiBank
LOAN-00044,5.75,GNMA II,241782.08,WellsFargo
LOAN-00045,5.5,GNMA II,503676.88,BankOfAmerica
LOAN-00046,5.75,GNMA II,244838.08,BankOfAmerica
LOAN-00047,6.75,GNMA II,450192.41,WellsFargo
LOAN-00048,7.25,GNMA II,468248.43,MorganStanley
LOAN-00049,7.25,GNMA II,644925.99,CitiBank
LOAN-00050,6.25,GNMA II,149790.19,CitiBank
LOAN-00051,6.75,CONV,375993.64,MorganStanley
LOAN-00052,5.5,GNMA II,123641.13,MorganStanley
LOAN-00053,6.75,GNMA II,259032.56,JPMorgan
LOAN-00054,7.5,CONV,180931.25,JPMorgan
LOAN-00055,6.5,CONV,259860.64,BankOfAmerica
LOAN-00056,7.25,GNMA II,116423.6,GoldmanSachs
LOAN-00057,5.5,GNMA II,746984.23,JPMorgan
LOAN-00058,6.0,CONV,429661.61,JPMorgan
LOAN-00059,7.0,GNMA II,198538.73,BankOfAmerica
LOAN-00060,7.0,CONV,747093.01,CitiBank
LOAN-00061,6.5,CONV,581545.88,MorganStanley
LOAN-00062,7.5,CONV,191453.71,WellsFargo
LOAN-00063,6.25,GNMA II,497009.81,GoldmanSachs
LOAN-00064,5.5,CONV,121159.0,GoldmanSachs
LOAN-00065,7.25,GNMA II,120953.3,GoldmanSachs
LOAN-00066,5.75,GNMA II,129335.36,BankOfAmerica
LOAN-00067,6.25,CONV,166318.36,GoldmanSachs
LOAN-00068,6.25,GNMA II,525954.69,CitiBank
LOAN-00069,7.5,CONV,752988.51,JPMorgan
LOAN-00070,6.75,GNMA II,271242.45,JPMorgan
LOAN-00071,6.5,CONV,307647.58,BankOfAmerica
LOAN-00072,5.5,CONV,527234.66,GoldmanSachs
LOAN-00073,5.75,GNMA II,467096.77,GoldmanSachs
LOAN-00074,6.5,GNMA II,751946.75,BankOfAmerica
LOAN-00075,6.25,CONV,285190.92,CitiBank
LOAN-00076,7.5,CONV,520407.99,MorganStanley
LOAN-00077,7.5,GNMA II,560861.51,GoldmanSachs
LOAN-00078,6.5,GNMA II,756029.6,JPMorgan
LOAN-00079,6.5,GNMA II,720593.15,MorganStanley
LOAN-00080,7.5,GNMA II,276090.71,GoldmanSachs
LOAN-00081,6.25,CONV,226590.06,MorganStanley
LOAN-00082,6.5,CONV,260807.3,BankOfAmerica
LOAN-00083,5.75,CONV,677130.62,BankOfAmerica
LOAN-00084,5.5,CONV,635205.84,MorganStanley
LOAN-00085,6.5,GNMA II,613686.25,GoldmanSachs
LOAN-00086,7.0,GNMA II,160549.19,MorganStanley
LOAN-00087,6.0,GNMA II,680908.41,GoldmanSachs
LOAN-00088,7.5,GNMA II,389446.43,BankOfAmerica
LOAN-00089,6.5,CONV,727266.67,BankOfAmerica
LOAN-00090,6.75,GNMA II,571088.02,MorganStanley
LOAN-00091,5.75,CONV,641683.69,CitiBank
LOAN-00092,6.0,GNMA II,702516.1,JPMorgan
LOAN-00093,7.0,GNMA II,209139.68,WellsFargo
LOAN-00094,7.0,GNMA II,272100.11,MorganStanley
LOAN-00095,5.75,CONV,707960.08,CitiBank
LOAN-00096,6.25,GNMA II,667942.36,CitiBank
LOAN-00097,6.75,CONV,670786.19,JPMorgan
LOAN-00098,6.25,GNMA II,555223.89,CitiBank
LOAN-00099,6.75,CONV,702334.12,WellsFargo
LOAN-00100,6.75,CONV,569253.05,GoldmanSachs
LOAN-00101,6.75,GNMA II,163046.06,WellsFargo
LOAN-00102,6.0,CONV,107545.18,GoldmanSachs
LOAN-00103,7.0,CONV,604552.44,WellsFargo
LOAN-00104,7.0,GNMA II,357340.71,GoldmanSachs
LOAN-00105,6.25,CONV,111958.3,CitiBank
LOAN-00106,5.5,GNMA II,342239.46,BankOfAmerica
LOAN-00107,6.75,CONV,557638.98,BankOfAmerica
LOAN-00108,6.5,CONV,560162.89,WellsFargo
LOAN-00109,7.0,CONV,479176.98,JPMorgan
LOAN-00110,7.0,CONV,567668.92,JPMorgan
LOAN-00111,6.5,CONV,474514.79,BankOfAmerica
LOAN-00112,6.5,CONV,231331.53,GoldmanSachs
LOAN-00113,6.75,CONV,398085.93,MorganStanley
LOAN-00114,6.25,CONV,651489.49,MorganStanley
LOAN-00115,6.0,GNMA II,284326.21,MorganStanley
LOAN-00116,6.75,GNMA II,669264.89,JPMorgan
LOAN-00117,6.5,GNMA II,660725.28,JPMorgan
LOAN-00118,5.5,GNMA II,256286.63,CitiBank
LOAN-00119,5.75,CONV,378397.53,MorganStanley
LOAN-00120,6.25,CONV,435951.56,JPMorgan
LOAN-00121,6.0,GNMA II,722715.07,BankOfAmerica
LOAN-00122,7.0,GNMA II,206638.41,MorganStanley
LOAN-00123,7.5,CONV,116157.24,JPMorgan
LOAN-00124,5.75,CONV,176004.16,CitiBank
LOAN-00125,7.5,CONV,764028.52,CitiBank
LOAN-00126,7.5,CONV,678009.8,GoldmanSachs
LOAN-00127,7.25,GNMA II,615431.92,CitiBank
LOAN-00128,7.25,CONV,621279.29,MorganStanley
LOAN-00129,6.5,CONV,531258.87,WellsFargo
LOAN-00130,7.25,GNMA II,593752.3,JPMorgan
LOAN-00131,6.5,CONV,310190.89,GoldmanSachs
LOAN-00132,5.75,GNMA II,188598.07,CitiBank
LOAN-00133,6.0,GNMA II,126244.77,CitiBank
LOAN-00134,6.75,CONV,379357.45,JPMorgan
LOAN-00135,7.0,CONV,731483.7,GoldmanSachs
LOAN-00136,5.5,CONV,423425.41,WellsFargo
LOAN-00137,6.5,CONV,694482.52,CitiBank
LOAN-00138,7.5,GNMA II,431525.22,WellsFargo
LOAN-00139,7.0,CONV,100897.87,WellsFargo
LOAN-00140,7.0,GNMA II,685164.08,JPMorgan
LOAN-00141,7.5,GNMA II,732988.78,GoldmanSachs
LOAN-00142,5.5,GNMA II,542779.75,JPMorgan
LOAN-00143,7.25,GNMA II,116204.94,CitiBank
LOAN-00144,6.75,GNMA II,407383.51,WellsFargo
LOAN-00145,7.0,CONV,621447.07,CitiBank
LOAN-00146,6.5,GNMA II,418620.92,MorganStanley
LOAN-00147,7.5,GNMA II,799933.64,WellsFargo
LOAN-00148,6.25,GNMA II,642487.8,MorganStanley
LOAN-00149,5.5,GNMA II,763720.45,JPMorgan
LOAN-00150,5.5,GNMA II,251752.36,CitiBank
LOAN-00151,5.75,GNMA II,414824.47,WellsFargo
LOAN-00152,6.75,GNMA II,516242.74,MorganStanley
LOAN-00153,5.75,GNMA II,774598.96,BankOfAmerica
LOAN-00154,5.5,CONV,494573.64,CitiBank
LOAN-00155,7.0,GNMA II,134717.46,MorganStanley
LOAN-00156,6.25,GNMA II,581978.96,WellsFargo
LOAN-00157,5.75,GNMA II,329986.71,CitiBank
LOAN-00158,6.75,GNMA II,444291.77,WellsFargo
LOAN-00159,5.5,CONV,672078.26,BankOfAmerica
LOAN-00160,7.0,CONV,537621.28,CitiBank
LOAN-00161,6.0,CONV,206818.61,GoldmanSachs
LOAN-00162,6.5,CONV,414709.12,MorganStanley
LOAN-00163,6.5,CONV,693233.48,BankOfAmerica
LOAN-00164,6.5,CONV,255581.68,CitiBank
LOAN-00165,7.0,CONV,100664.0,WellsFargo
LOAN-00166,6.0,CONV,232726.29,WellsFargo
LOAN-00167,6.75,CONV,713830.39,MorganStanley
LOAN-00168,6.5,GNMA II,451971.62,JPMorgan
LOAN-00169,5.75,GNMA II,598453.76,CitiBank
LOAN-00170,7.5,GNMA II,577238.72,MorganStanley
LOAN-00171,7.25,CONV,650911.67,BankOfAmerica
LOAN-00172,6.5,GNMA II,371168.81,JPMorgan
LOAN-00173,6.5,CONV,420747.55,GoldmanSachs
LOAN-00174,6.75,CONV,797574.65,GoldmanSachs
LOAN-00175,6.75,CONV,586055.56,WellsFargo
LOAN-00176,6.5,CONV,245987.39,MorganStanley
LOAN-00177,6.25,CONV,166079.41,GoldmanSachs
LOAN-00178,6.0,GNMA II,235796.94,CitiBank
LOAN-00179,6.5,CONV,785967.65,JPMorgan
LOAN-00180,6.5,GNMA II,339834.37,WellsFargo
LOAN-00181,5.5,GNMA II,277504.16,BankOfAmerica
LOAN-00182,7.5,CONV,582140.52,JPMorgan
LOAN-00183,7.25,GNMA II,708358.21,GoldmanSachs
LOAN-00184,6.5,CONV,424674.23,WellsFargo
LOAN-00185,6.0,GNMA II,261784.44,CitiBank
LOAN-00186,5.75,GNMA II,368509.36,BankOfAmerica
LOAN-00187,5.5,GNMA II,187422.26,GoldmanSachs
LOAN-00188,6.5,GNMA II,795621.05,BankOfAmerica
LOAN-00189,7.5,CONV,516548.71,GoldmanSachs
LOAN-00190,6.25,CONV,404370.41,CitiBank
LOAN-00191,6.5,CONV,299873.78,GoldmanSachs
LOAN-00192,5.5,GNMA II,762264.94,JPMorgan
LOAN-00193,6.25,CONV,555508.26,JPMorgan
LOAN-00194,6.25,GNMA II,477434.42,JPMorgan
LOAN-00195,5.5,CONV,404362.67,GoldmanSachs
LOAN-00196,7.25,CONV,103500.7,WellsFargo
LOAN-00197,6.5,CONV,131249.43,JPMorgan
LOAN-00198,6.5,GNMA II,386100.06,GoldmanSachs
LOAN-00199,6.25,GNMA II,734056.24,JPMorgan
LOAN-00200,5.75,GNMA II,199464.41,WellsFargo
LOAN-00201,6.5,CONV,169534.63,MorganStanley
LOAN-00202,6.5,CONV,758726.89,GoldmanSachs
LOAN-00203,7.5,CONV,395186.38,GoldmanSachs
LOAN-00204,5.5,CONV,608864.42,GoldmanSachs
LOAN-00205,6.5,GNMA II,145755.36,MorganStanley
LOAN-00206,5.5,CONV,494897.83,JPMorgan
LOAN-00207,7.25,CONV,739572.41,JPMorgan
LOAN-00208,7.0,CONV,777719.77,CitiBank
LOAN-00209,6.75,CONV,319982.04,MorganStanley
LOAN-00210,5.75,GNMA II,317458.64,MorganStanley
LOAN-00211,7.25,CONV,557060.15,CitiBank
LOAN-00212,7.5,GNMA II,407474.65,WellsFargo
LOAN-00213,6.5,CONV,163463.55,CitiBank
LOAN-00214,7.5,GNMA II,553515.48,GoldmanSachs
LOAN-00215,7.25,CONV,119026.94,GoldmanSachs
LOAN-00216,6.75,CONV,530294.29,BankOfAmerica
LOAN-00217,6.25,CONV,475438.14,WellsFargo
LOAN-00218,7.25,CONV,167426.78,MorganStanley
LOAN-00219,6.25,GNMA II,303740.1,BankOfAmerica
LOAN-00220,7.5,CONV,147110.62,BankOfAmerica
LOAN-00221,7.25,GNMA II,546350.98,JPMorgan
LOAN-00222,7.25,CONV,446387.85,WellsFargo
LOAN-00223,7.0,CONV,785776.14,JPMorgan
LOAN-00224,7.25,GNMA II,356181.93,GoldmanSachs
LOAN-00225,7.5,GNMA II,702099.39,WellsFargo
LOAN-00226,7.0,CONV,752658.84,GoldmanSachs
LOAN-00227,6.5,GNMA II,283644.07,WellsFargo
LOAN-00228,7.25,GNMA II,401514.12,CitiBank
LOAN-00229,6.75,CONV,477380.54,GoldmanSachs
LOAN-00230,7.0,CONV,751653.62,JPMorgan
LOAN-00231,6.25,CONV,248164.96,CitiBank
LOAN-00232,5.5,CONV,616187.71,MorganStanley
LOAN-00233,7.0,CONV,791658.08,MorganStanley
LOAN-00234,6.0,CONV,774673.6,JPMorgan
LOAN-00235,7.5,CONV,706184.23,CitiBank
LOAN-00236,5.75,CONV,91050.27,JPMorgan
LOAN-00237,7.0,GNMA II,133876.34,WellsFargo
LOAN-00238,6.75,CONV,547882.39,WellsFargo
LOAN-00239,7.5,CONV,766980.51,MorganStanley
LOAN-00240,7.25,GNMA II,524570.81,JPMorgan
LOAN-00241,6.5,GNMA II,617671.78,CitiBank
LOAN-00242,5.75,GNMA II,399448.56,MorganStanley
LOAN-00243,6.5,GNMA II,113113.5,BankOfAmerica
LOAN-00244,6.5,CONV,349885.58,JPMorgan
LOAN-00245,6.25,CONV,487468.2,JPMorgan
LOAN-00246,6.0,GNMA II,136857.21,CitiBank
LOAN-00247,6.25,CONV,737236.89,JPMorgan
LOAN-00248,6.25,CONV,539291.33,CitiBank
LOAN-00249,6.5,GNMA II,727214.14,CitiBank
LOAN-00250,6.5,GNMA II,133180.57,WellsFargo
LOAN-00251,6.5,CONV,577025.73,CitiBank
LOAN-00252,6.5,GNMA II,799548.97,CitiBank
LOAN-00253,5.75,GNMA II,354582.29,WellsFargo
LOAN-00254,6.5,CONV,95796.51,MorganStanley
LOAN-00255,7.0,CONV,85830.54,MorganStanley
LOAN-00256,5.5,CONV,679644.01,WellsFargo
LOAN-00257,6.25,CONV,237683.27,JPMorgan
LOAN-00258,6.5,GNMA II,532338.63,MorganStanley
LOAN-00259,5.5,CONV,647799.55,BankOfAmerica
LOAN-00260,6.75,GNMA II,144896.03,WellsFargo
LOAN-00261,6.75,CONV,206460.85,JPMorgan
LOAN-00262,7.5,CONV,462213.71,WellsFargo
LOAN-00263,6.0,CONV,738115.25,CitiBank
LOAN-00264,6.5,CONV,659047.43,CitiBank
LOAN-00265,5.75,GNMA II,622989.08,JPMorgan
LOAN-00266,7.0,CONV,145018.07,CitiBank
LOAN-00267,5.5,CONV,466332.06,CitiBank
LOAN-00268,6.75,CONV,500883.27,MorganStanley
LOAN-00269,6.75,GNMA II,565882.32,CitiBank
LOAN-00270,5.5,CONV,738984.25,JPMorgan
LOAN-00271,5.75,CONV,734759.1,WellsFargo
LOAN-00272,7.0,GNMA II,180639.45,BankOfAmerica
LOAN-00273,6.5,CONV,163606.75,JPMorgan
LOAN-00274,7.5,GNMA II,359825.0,WellsFargo
LOAN-00275,7.5,CONV,502885.05,MorganStanley
LOAN-00276,6.0,CONV,551543.77,CitiBank
LOAN-00277,7.0,CONV,103555.73,WellsFargo
LOAN-00278,6.25,CONV,400181.02,JPMorgan
LOAN-00279,6.75,GNMA II,786267.96,WellsFargo
LOAN-00280,7.5,CONV,123596.06,WellsFargo
LOAN-00281,6.25,GNMA II,763287.77,CitiBank
LOAN-00282,5.75,GNMA II,542027.22,GoldmanSachs
LOAN-00283,5.5,GNMA II,646492.11,JPMorgan
LOAN-00284,6.0,GNMA II,129399.31,GoldmanSachs
LOAN-00285,6.25,GNMA II,665398.15,JPMorgan
LOAN-00286,6.75,GNMA II,647823.5,GoldmanSachs
LOAN-00287,5.5,CONV,698052.41,JPMorgan
LOAN-00288,6.0,CONV,654929.95,BankOfAmerica
LOAN-00289,5.5,GNMA II,90699.44,JPMorgan
LOAN-00290,6.75,GNMA II,205457.27,BankOfAmerica
LOAN-00291,6.0,CONV,458781.58,MorganStanley
LOAN-00292,5.75,CONV,402758.15,WellsFargo
LOAN-00293,7.5,GNMA II,405443.9,JPMorgan
LOAN-00294,5.5,CONV,409790.62,BankOfAmerica
LOAN-00295,5.5,CONV,690054.95,CitiBank
LOAN-00296,5.75,CONV,592928.95,CitiBank
LOAN-00297,5.75,GNMA II,311920.51,JPMorgan
LOAN-00298,5.75,GNMA II,278011.52,MorganStanley
LOAN-00299,7.5,CONV,354251.17,GoldmanSachs
LOAN-00300,7.5,CONV,406675.1,GoldmanSachs
LOAN-00301,7.0,GNMA II,651029.19,BankOfAmerica
LOAN-00302,7.5,GNMA II,389650.36,JPMorgan
LOAN-00303,7.0,CONV,675741.84,CitiBank
LOAN-00304,7.0,GNMA II,305034.81,WellsFargo
LOAN-00305,6.5,CONV,766586.61,MorganStanley
LOAN-00306,7.25,GNMA II,145681.85,BankOfAmerica
LOAN-00307,5.75,CONV,149526.39,MorganStanley
LOAN-00308,6.75,GNMA II,480586.93,GoldmanSachs
LOAN-00309,7.5,CONV,562409.55,CitiBank
LOAN-00310,6.75,CONV,705026.35,MorganStanley
LOAN-00311,5.5,CONV,512295.27,WellsFargo
LOAN-00312,5.75,GNMA II,191405.73,CitiBank
LOAN-00313,6.25,GNMA II,332082.08,GoldmanSachs
LOAN-00314,6.75,GNMA II,629076.05,GoldmanSachs
LOAN-00315,6.25,CONV,688511.72,GoldmanSachs
LOAN-00316,7.5,GNMA II,518476.34,MorganStanley
LOAN-00317,6.5,GNMA II,209899.57,MorganStanley
LOAN-00318,6.5,CONV,332736.86,JPMorgan
LOAN-00319,6.0,CONV,130101.5,MorganStanley
LOAN-00320,5.5,GNMA II,617200.47,JPMorgan
LOAN-00321,7.0,CONV,406624.97,JPMorgan
LOAN-00322,6.75,CONV,599549.1,GoldmanSachs
LOAN-00323,5.75,GNMA II,192017.53,GoldmanSachs
LOAN-00324,5.5,GNMA II,275914.05,MorganStanley
LOAN-00325,7.0,CONV,517094.73,CitiBank
LOAN-00326,6.5,GNMA II,623559.06,BankOfAmerica
LOAN-00327,6.75,CONV,159840.64,MorganStanley
LOAN-00328,7.25,CONV,112700.5,CitiBank
LOAN-00329,5.5,GNMA II,227184.65,JPMorgan
LOAN-00330,6.0,CONV,288401.93,BankOfAmerica
LOAN-00331,5.5,CONV,617850.17,JPMorgan
LOAN-00332,6.0,CONV,463459.29,JPMorgan
LOAN-00333,7.5,CONV,131894.36,MorganStanley
LOAN-00334,5.5,CONV,93493.91,BankOfAmerica
LOAN-00335,6.75,CONV,492847.77,MorganStanley
LOAN-00336,7.0,CONV,162924.83,BankOfAmerica
LOAN-00337,6.75,GNMA II,656951.95,GoldmanSachs
LOAN-00338,7.25,CONV,143453.51,BankOfAmerica
LOAN-00339,6.25,CONV,503987.33,GoldmanSachs
LOAN-00340,5.75,CONV,706777.58,MorganStanley
LOAN-00341,6.75,GNMA II,319809.41,JPMorgan
LOAN-00342,5.75,GNMA II,462035.47,JPMorgan
LOAN-00343,6.75,CONV,603712.96,MorganStanley
LOAN-00344,6.0,GNMA II,154019.26,WellsFargo
LOAN-00345,6.25,GNMA II,513727.27,MorganStanley
LOAN-00346,5.75,GNMA II,764930.34,MorganStanley
LOAN-00347,7.25,CONV,623200.99,GoldmanSachs
LOAN-00348,7.25,CONV,702257.75,MorganStanley
LOAN-00349,6.75,GNMA II,396629.23,CitiBank
LOAN-00350,7.25,CONV,653357.37,GoldmanSachs
LOAN-00351,5.5,CONV,445282.56,WellsFargo
LOAN-00352,7.25,CONV,107077.22,WellsFargo
LOAN-00353,6.5,GNMA II,544159.86,BankOfAmerica
LOAN-00354,7.5,CONV,413152.39,GoldmanSachs
LOAN-00355,5.5,CONV,734515.97,GoldmanSachs
LOAN-00356,6.25,CONV,515604.2,GoldmanSachs
LOAN-00357,6.0,GNMA II,404376.64,WellsFargo
LOAN-00358,5.75,GNMA II,108182.33,MorganStanley
LOAN-00359,7.25,CONV,457329.36,GoldmanSachs
LOAN-00360,6.0,CONV,348453.43,WellsFargo
LOAN-00361,7.0,CONV,637614.65,MorganStanley
LOAN-00362,5.5,CONV,127456.54,BankOfAmerica
LOAN-00363,7.5,CONV,284585.82,MorganStanley
LOAN-00364,6.0,CONV,138681.43,MorganStanley
LOAN-00365,6.0,CONV,303366.85,MorganStanley
LOAN-00366,7.0,GNMA II,508429.68,BankOfAmerica
LOAN-00367,6.5,CONV,543315.15,WellsFargo
LOAN-00368,6.0,GNMA II,545137.87,CitiBank
LOAN-00369,7.5,CONV,93125.99,WellsFargo
LOAN-00370,6.0,GNMA II,326047.29,CitiBank
LOAN-00371,6.25,GNMA II,799983.17,JPMorgan
LOAN-00372,5.75,CONV,687988.44,BankOfAmerica
LOAN-00373,7.5,GNMA II,556589.05,GoldmanSachs
LOAN-00374,6.0,CONV,191061.99,JPMorgan
LOAN-00375,6.0,CONV,111458.55,WellsFargo
LOAN-00376,6.25,CONV,519628.7,MorganStanley
LOAN-00377,7.25,GNMA II,464488.03,WellsFargo
LOAN-00378,7.25,GNMA II,344845.49,GoldmanSachs
LOAN-00379,7.25,CONV,633995.76,CitiBank
LOAN-00380,7.5,CONV,775713.07,JPMorgan
LOAN-00381,6.0,CONV,117569.46,CitiBank
LOAN-00382,6.75,GNMA II,592208.7,GoldmanSachs
LOAN-00383,5.75,CONV,140390.09,JPMorgan
LOAN-00384,6.5,CONV,731820.47,JPMorgan
LOAN-00385,7.0,GNMA II,761417.55,JPMorgan
LOAN-00386,7.25,CONV,749939.79,CitiBank
LOAN-00387,5.5,CONV,441445.12,JPMorgan
LOAN-00388,7.0,GNMA II,349937.12,BankOfAmerica
LOAN-00389,6.75,GNMA II,684206.93,MorganStanley
LOAN-00390,6.75,GNMA II,179071.7,WellsFargo
LOAN-00391,7.25,GNMA II,626365.63,CitiBank
LOAN-00392,7.25,GNMA II,732217.39,BankOfAmerica
LOAN-00393,6.5,GNMA II,681173.43,GoldmanSachs
LOAN-00394,7.5,CONV,160054.54,WellsFargo
LOAN-00395,6.25,CONV,167730.81,JPMorgan
LOAN-00396,7.0,CONV,125221.15,CitiBank
LOAN-00397,7.5,GNMA II,535007.56,GoldmanSachs
LOAN-00398,6.25,GNMA II,289715.83,BankOfAmerica
LOAN-00399,6.75,GNMA II,490877.88,JPMorgan
LOAN-00400,5.75,CONV,128729.11,GoldmanSachs
LOAN-00401,7.5,GNMA II,361126.69,CitiBank
LOAN-00402,5.5,CONV,786348.38,WellsFargo
LOAN-00403,5.5,CONV,647734.41,WellsFargo
LOAN-00404,6.25,GNMA II,635480.99,MorganStanley
LOAN-00405,6.75,GNMA II,111921.7,GoldmanSachs
LOAN-00406,6.75,GNMA II,677876.23,MorganStanley
LOAN-00407,7.25,CONV,534849.81,JPMorgan
LOAN-00408,5.75,CONV,106628.33,JPMorgan
LOAN-00409,5.5,GNMA II,717769.08,WellsFargo
LOAN-00410,6.5,CONV,792168.35,GoldmanSachs
LOAN-00411,7.25,CONV,106366.96,MorganStanley
LOAN-00412,6.25,CONV,337021.41,BankOfAmerica
LOAN-00413,6.75,CONV,169622.01,WellsFargo
LOAN-00414,7.0,CONV,615181.55,CitiBank
LOAN-00415,6.75,GNMA II,437266.32,CitiBank
LOAN-00416,6.75,CONV,656826.62,MorganStanley
LOAN-00417,7.0,GNMA II,390037.15,JPMorgan
LOAN-00418,7.5,CONV,311272.23,BankOfAmerica
LOAN-00419,6.75,CONV,300677.02,GoldmanSachs
LOAN-00420,7.0,GNMA II,576630.66,WellsFargo
LOAN-00421,7.25,GNMA II,603306.36,WellsFargo
LOAN-00422,7.0,CONV,540417.9,BankOfAmerica
LOAN-00423,5.75,CONV,341584.01,MorganStanley
LOAN-00424,6.0,GNMA II,182801.22,GoldmanSachs
LOAN-00425,7.25,GNMA II,170885.62,JPMorgan
LOAN-00426,6.75,CONV,355655.17,GoldmanSachs
LOAN-00427,5.5,GNMA II,568924.68,WellsFargo
LOAN-00428,6.75,CONV,629420.82,GoldmanSachs
LOAN-00429,6.0,CONV,366584.51,MorganStanley
LOAN-00430,6.5,GNMA II,771574.44,BankOfAmerica
LOAN-00431,6.0,CONV,452776.6,GoldmanSachs
LOAN-00432,5.75,CONV,637974.43,MorganStanley
LOAN-00433,7.25,GNMA II,797382.88,WellsFargo
LOAN-00434,7.25,GNMA II,168298.94,BankOfAmerica
LOAN-00435,7.25,GNMA II,727048.9,CitiBank
LOAN-00436,5.75,CONV,560844.65,MorganStanley
LOAN-00437,5.75,CONV,721758.81,JPMorgan
LOAN-00438,6.0,CONV,446304.14,BankOfAmerica
LOAN-00439,6.25,GNMA II,250450.05,CitiBank
LOAN-00440,5.5,CONV,478895.43,WellsFargo
LOAN-00441,7.25,GNMA II,520602.82,BankOfAmerica
LOAN-00442,5.75,CONV,366675.19,MorganStanley
LOAN-00443,7.25,CONV,633798.48,GoldmanSachs
LOAN-00444,5.75,GNMA II,780113.41,MorganStanley
LOAN-00445,5.75,CONV,415399.9,GoldmanSachs
LOAN-00446,6.75,GNMA II,712131.31,GoldmanSachs
LOAN-00447,6.0,GNMA II,391485.17,BankOfAmerica
LOAN-00448,5.75,GNMA II,298969.67,JPMorgan
LOAN-00449,6.75,GNMA II,329136.62,GoldmanSachs
LOAN-00450,6.5,GNMA II,260435.82,MorganStanley
LOAN-00451,7.5,CONV,170122.61,WellsFargo
LOAN-00452,7.5,GNMA II,441852.66,JPMorgan
LOAN-00453,6.0,GNMA II,554287.67,MorganStanley
LOAN-00454,6.75,GNMA II,674170.11,BankOfAmerica
LOAN-00455,5.75,GNMA II,762953.73,GoldmanSachs
LOAN-00456,6.5,GNMA II,632210.48,CitiBank
LOAN-00457,5.5,CONV,720077.75,GoldmanSachs
LOAN-00458,6.5,CONV,427720.27,MorganStanley
LOAN-00459,7.0,CONV,406551.78,MorganStanley
LOAN-00460,5.5,GNMA II,396515.96,CitiBank
LOAN-00461,7.25,GNMA II,324938.65,JPMorgan
LOAN-00462,6.75,CONV,608623.82,WellsFargo
LOAN-00463,7.0,GNMA II,627678.8,GoldmanSachs
LOAN-00464,7.5,GNMA II,309763.44,CitiBank
LOAN-00465,5.75,CONV,403709.13,JPMorgan
LOAN-00466,5.75,GNMA II,288952.64,CitiBank
LOAN-00467,7.0,GNMA II,773133.81,JPMorgan
LOAN-00468,6.75,CONV,216680.55,JPMorgan
LOAN-00469,7.25,CONV,439106.99,WellsFargo
LOAN-00470,7.25,GNMA II,144835.35,CitiBank
LOAN-00471,7.5,CONV,776014.37,JPMorgan
LOAN-00472,6.75,GNMA II,116389.09,CitiBank
LOAN-00473,7.25,CONV,466417.34,BankOfAmerica
LOAN-00474,7.0,GNMA II,715368.13,MorganStanley
LOAN-00475,6.75,CONV,343474.89,CitiBank
LOAN-00476,5.5,GNMA II,341017.12,WellsFargo
LOAN-00477,5.75,CONV,443063.98,GoldmanSachs
LOAN-00478,6.5,GNMA II,172637.64,BankOfAmerica
LOAN-00479,7.0,CONV,652326.0,WellsFargo
LOAN-00480,7.5,CONV,623574.92,JPMorgan
LOAN-00481,7.5,CONV,440056.09,BankOfAmerica
LOAN-00482,5.5,GNMA II,593786.13,CitiBank
LOAN-00483,7.5,CONV,187237.28,GoldmanSachs
LOAN-00484,6.0,CONV,750585.49,WellsFargo
LOAN-00485,6.0,CONV,793243.33,MorganStanley
LOAN-00486,6.5,CONV,445266.79,GoldmanSachs
LOAN-00487,7.5,CONV,590292.66,WellsFargo
LOAN-00488,7.25,GNMA II,345217.62,MorganStanley
LOAN-00489,5.75,CONV,500265.54,MorganStanley
LOAN-00490,5.5,CONV,271181.91,MorganStanley
LOAN-00491,6.25,GNMA II,500136.76,JPMorgan
LOAN-00492,7.5,CONV,186398.51,MorganStanley
LOAN-00493,6.25,GNMA II,492250.6,MorganStanley
LOAN-00494,5.75,GNMA II,93634.9,WellsFargo
LOAN-00495,7.0,GNMA II,377331.28,JPMorgan
LOAN-00496,7.0,CONV,708428.75,MorganStanley
LOAN-00497,5.5,GNMA II,453451.91,GoldmanSachs
LOAN-00498,6.75,CONV,458343.55,WellsFargo
LOAN-00499,6.0,CONV,736729.4,WellsFargo
LOAN-00500,7.5,CONV,566625.38,MorganStanley
LOAN-00501,6.5,CONV,218430.2,JPMorgan
LOAN-00502,6.5,CONV,241904.27,WellsFargo
LOAN-00503,6.5,GNMA II,576972.74,CitiBank
LOAN-00504,6.75,CONV,331138.29,MorganStanley
LOAN-00505,6.5,CONV,167749.36,MorganStanley
LOAN-00506,7.5,CONV,724947.53,CitiBank
LOAN-00507,6.75,GNMA II,289125.91,WellsFargo
LOAN-00508,5.75,CONV,745286.93,MorganStanley
LOAN-00509,6.5,CONV,234070.5,GoldmanSachs
LOAN-00510,6.5,CONV,178836.53,GoldmanSachs
LOAN-00511,6.25,GNMA II,116551.11,GoldmanSachs
LOAN-00512,6.25,GNMA II,117793.6,CitiBank
LOAN-00513,6.75,CONV,152392.33,JPMorgan
LOAN-00514,5.5,GNMA II,372973.37,CitiBank
LOAN-00515,7.25,GNMA II,624255.96,WellsFargo
LOAN-00516,6.75,CONV,545046.5,BankOfAmerica
LOAN-00517,6.25,GNMA II,737525.4,JPMorgan
LOAN-00518,7.0,GNMA II,752424.28,BankOfAmerica
LOAN-00519,7.0,CONV,214144.37,MorganStanley
LOAN-00520,6.5,GNMA II,86672.36,GoldmanSachs
LOAN-00521,5.75,CONV,284884.39,MorganStanley
LOAN-00522,7.5,CONV,720267.17,JPMorgan
LOAN-00523,7.5,CONV,276442.7,BankOfAmerica
LOAN-00524,6.75,GNMA II,606405.85,MorganStanley
LOAN-00525,6.5,GNMA II,90140.62,WellsFargo
LOAN-00526,6.5,GNMA II,206356.34,MorganStanley
LOAN-00527,7.0,CONV,451002.07,BankOfAmerica
LOAN-00528,7.0,GNMA II,213042.46,JPMorgan
LOAN-00529,7.25,CONV,753794.28,BankOfAmerica
LOAN-00530,6.5,CONV,249575.3,WellsFargo
LOAN-00531,6.75,CONV,499371.74,GoldmanSachs
LOAN-00532,5.5,CONV,550652.02,MorganStanley
LOAN-00533,6.25,GNMA II,560806.0,CitiBank
LOAN-00534,6.5,GNMA II,371899.96,GoldmanSachs
LOAN-00535,6.5,GNMA II,539872.15,WellsFargo
LOAN-00536,6.75,GNMA II,237772.59,JPMorgan
LOAN-00537,7.25,GNMA II,407584.64,GoldmanSachs
LOAN-00538,6.75,CONV,585397.32,CitiBank
LOAN-00539,7.5,GNMA II,628538.93,MorganStanley
LOAN-00540,5.75,CONV,460284.65,WellsFargo
LOAN-00541,5.75,GNMA II,124465.79,GoldmanSachs
LOAN-00542,7.5,GNMA II,492345.21,JPMorgan
LOAN-00543,6.0,CONV,695229.93,CitiBank
LOAN-00544,5.75,GNMA II,596180.94,CitiBank
LOAN-00545,5.75,CONV,662258.3,CitiBank
LOAN-00546,6.0,CONV,408894.9,BankOfAmerica
LOAN-00547,7.5,CONV,564392.75,WellsFargo
LOAN-00548,5.5,CONV,263209.2,BankOfAmerica
LOAN-00549,6.25,GNMA II,112608.66,WellsFargo
LOAN-00550,5.75,GNMA II,752899.62,BankOfAmerica
LOAN-00551,7.25,GNMA II,286705.31,JPMorgan
LOAN-00552,6.0,CONV,349611.86,CitiBank
LOAN-00553,7.25,CONV,350464.78,MorganStanley
LOAN-00554,7.5,GNMA II,550544.55,WellsFargo
LOAN-00555,5.75,GNMA II,794849.68,CitiBank
LOAN-00556,7.5,GNMA II,604057.86,JPMorgan
LOAN-00557,5.5,GNMA II,784513.29,CitiBank
LOAN-00558,7.5,CONV,462992.2,JPMorgan
LOAN-00559,6.25,CONV,329235.01,WellsFargo
LOAN-00560,6.25,GNMA II,103196.47,MorganStanley
LOAN-00561,7.0,GNMA II,253279.73,BankOfAmerica
LOAN-00562,5.75,GNMA II,401437.57,MorganStanley
LOAN-00563,5.5,GNMA II,613189.58,CitiBank
LOAN-00564,7.25,GNMA II,468627.06,BankOfAmerica
LOAN-00565,6.0,CONV,248596.29,MorganStanley
LOAN-00566,6.75,CONV,250570.91,JPMorgan
LOAN-00567,7.5,GNMA II,377763.35,WellsFargo
LOAN-00568,5.5,GNMA II,530715.06,CitiBank
LOAN-00569,7.5,CONV,113756.55,WellsFargo
LOAN-00570,7.0,CONV,581342.05,CitiBank
LOAN-00571,6.0,CONV,351051.34,GoldmanSachs
LOAN-00572,7.25,GNMA II,691525.47,WellsFargo
LOAN-00573,6.0,CONV,738613.65,GoldmanSachs
LOAN-00574,7.0,CONV,481246.47,JPMorgan
LOAN-00575,7.0,GNMA II,263596.86,WellsFargo
LOAN-00576,5.75,CONV,689936.04,BankOfAmerica
LOAN-00577,7.5,GNMA II,117106.37,CitiBank
LOAN-00578,5.5,GNMA II,215477.57,GoldmanSachs
LOAN-00579,7.5,GNMA II,425163.83,WellsFargo
LOAN-00580,6.5,GNMA II,232501.6,JPMorgan
LOAN-00581,5.75,CONV,738397.73,MorganStanley
LOAN-00582,6.25,CONV,738891.05,GoldmanSachs
LOAN-00583,6.75,CONV,354076.46,GoldmanSachs
LOAN-00584,6.75,CONV,268324.37,GoldmanSachs
LOAN-00585,7.25,CONV,150997.93,MorganStanley
LOAN-00586,7.25,CONV,738317.96,WellsFargo
LOAN-00587,6.75,CONV,112915.12,JPMorgan
LOAN-00588,6.0,GNMA II,267757.36,GoldmanSachs
LOAN-00589,7.0,CONV,189736.22,WellsFargo
LOAN-00590,6.25,CONV,490248.45,JPMorgan
LOAN-00591,7.25,CONV,265275.27,CitiBank
LOAN-00592,7.25,CONV,201128.23,WellsFargo
LOAN-00593,6.0,GNMA II,598625.74,CitiBank
LOAN-00594,6.0,GNMA II,457239.98,BankOfAmerica
LOAN-00595,5.5,GNMA II,376922.4,MorganStanley
LOAN-00596,6.25,GNMA II,589162.09,BankOfAmerica
LOAN-00597,6.25,CONV,348704.5,GoldmanSachs
LOAN-00598,7.25,CONV,91326.87,GoldmanSachs
LOAN-00599,7.5,CONV,88532.7,GoldmanSachs
LOAN-00600,6.5,CONV,92342.67,MorganStanley
LOAN-00601,7.0,GNMA II,157051.83,BankOfAmerica
LOAN-00602,7.5,GNMA II,253497.56,GoldmanSachs
LOAN-00603,7.5,CONV,666954.36,WellsFargo
LOAN-00604,7.0,GNMA II,348597.14,CitiBank
LOAN-00605,7.25,GNMA II,792967.78,JPMorgan
LOAN-00606,6.5,GNMA II,550689.72,MorganStanley
LOAN-00607,5.5,GNMA II,371800.37,CitiBank
LOAN-00608,7.5,CONV,120402.76,BankOfAmerica
LOAN-00609,6.0,GNMA II,439898.04,CitiBank
LOAN-00610,6.75,GNMA II,724249.67,BankOfAmerica
LOAN-00611,6.25,GNMA II,728916.53,MorganStanley
LOAN-00612,7.25,CONV,113524.62,BankOfAmerica
LOAN-00613,6.5,GNMA II,209135.24,WellsFargo
LOAN-00614,5.5,GNMA II,502665.99,MorganStanley
LOAN-00615,7.0,GNMA II,295479.36,GoldmanSachs
LOAN-00616,6.25,CONV,567465.18,GoldmanSachs
LOAN-00617,6.75,CONV,624038.67,JPMorgan
LOAN-00618,5.75,CONV,118661.43,CitiBank
LOAN-00619,6.25,GNMA II,325226.78,GoldmanSachs
LOAN-00620,7.0,CONV,101330.47,WellsFargo
LOAN-00621,7.25,CONV,244259.64,GoldmanSachs
LOAN-00622,7.0,CONV,213731.25,GoldmanSachs
LOAN-00623,7.0,GNMA II,635960.53,WellsFargo
LOAN-00624,6.25,GNMA II,139067.37,JPMorgan
LOAN-00625,7.0,GNMA II,612551.81,WellsFargo
LOAN-00626,6.75,GNMA II,145894.71,WellsFargo
LOAN-00627,7.25,CONV,628169.47,BankOfAmerica
LOAN-00628,6.0,GNMA II,214922.08,CitiBank
LOAN-00629,7.5,CONV,154370.91,BankOfAmerica
LOAN-00630,6.75,GNMA II,509785.68,WellsFargo
LOAN-00631,7.0,GNMA II,290130.09,CitiBank
LOAN-00632,5.75,GNMA II,491811.51,JPMorgan
LOAN-00633,7.0,GNMA II,179964.84,WellsFargo
LOAN-00634,6.5,CONV,185073.07,JPMorgan
LOAN-00635,7.0,CONV,383193.68,CitiBank
LOAN-00636,5.75,CONV,261223.81,JPMorgan
LOAN-00637,7.25,GNMA II,409660.38,JPMorgan
LOAN-00638,6.5,GNMA II,763152.89,WellsFargo
LOAN-00639,7.0,CONV,396960.5,CitiBank
LOAN-00640,6.0,CONV,310878.91,MorganStanley
LOAN-00641,6.25,CONV,306211.96,CitiBank
LOAN-00642,6.75,CONV,609109.54,MorganStanley
LOAN-00643,7.25,GNMA II,314638.09,WellsFargo
LOAN-00644,7.0,CONV,161999.23,GoldmanSachs
LOAN-00645,6.25,GNMA II,570833.1,GoldmanSachs
LOAN-00646,5.5,CONV,758941.94,JPMorgan
LOAN-00647,7.25,CONV,678522.9,BankOfAmerica
LOAN-00648,7.0,CONV,180208.97,WellsFargo
LOAN-00649,6.25,CONV,554237.34,MorganStanley
LOAN-00650,7.0,CONV,133254.9,GoldmanSachs
LOAN-00651,7.25,CONV,464744.53,MorganStanley
LOAN-00652,7.0,GNMA II,649319.06,WellsFargo
LOAN-00653,7.5,GNMA II,158745.99,JPMorgan
LOAN-00654,6.75,GNMA II,545839.89,BankOfAmerica
LOAN-00655,7.0,CONV,775316.08,CitiBank
LOAN-00656,5.75,GNMA II,150996.72,JPMorgan
LOAN-00657,7.5,GNMA II,400960.56,CitiBank
LOAN-00658,7.25,GNMA II,328376.52,BankOfAmerica
LOAN-00659,7.25,GNMA II,292711.2,BankOfAmerica
LOAN-00660,5.75,GNMA II,330796.63,WellsFargo
LOAN-00661,7.25,GNMA II,455202.68,WellsFargo
LOAN-00662,7.25,GNMA II,395479.48,MorganStanley
LOAN-00663,7.25,CONV,128365.52,BankOfAmerica
LOAN-00664,5.75,GNMA II,691409.61,MorganStanley
LOAN-00665,5.75,GNMA II,749544.16,MorganStanley
LOAN-00666,6.25,GNMA II,477375.41,WellsFargo
LOAN-00667,7.5,CONV,770093.09,JPMorgan
LOAN-00668,7.0,GNMA II,214198.59,MorganStanley
LOAN-00669,7.0,CONV,101018.44,GoldmanSachs
LOAN-00670,6.25,CONV,506386.27,CitiBank
LOAN-00671,5.5,GNMA II,228164.83,MorganStanley
LOAN-00672,5.75,GNMA II,655641.7,GoldmanSachs
LOAN-00673,6.0,CONV,314709.14,CitiBank
LOAN-00674,5.75,CONV,562905.03,CitiBank
LOAN-00675,7.5,CONV,509819.0,GoldmanSachs
LOAN-00676,7.0,GNMA II,330505.74,CitiBank
LOAN-00677,6.0,CONV,741451.46,GoldmanSachs
LOAN-00678,5.75,GNMA II,305493.74,JPMorgan
LOAN-00679,6.5,GNMA II,211792.05,MorganStanley
LOAN-00680,6.0,CONV,381132.16,JPMorgan
LOAN-00681,7.0,CONV,213742.66,MorganStanley
LOAN-00682,7.5,GNMA II,479537.05,CitiBank
LOAN-00683,6.5,GNMA II,214710.98,CitiBank
LOAN-00684,5.5,CONV,765326.2,CitiBank
LOAN-00685,6.0,GNMA II,666955.48,GoldmanSachs
LOAN-00686,7.5,CONV,374576.73,CitiBank
LOAN-00687,7.0,CONV,431863.65,BankOfAmerica
LOAN-00688,5.5,GNMA II,290304.73,WellsFargo
LOAN-00689,6.25,CONV,201110.46,CitiBank
LOAN-00690,7.25,GNMA II,492354.12,WellsFargo
LOAN-00691,7.5,CONV,470271.23,BankOfAmerica
LOAN-00692,7.25,GNMA II,792638.52,BankOfAmerica
LOAN-00693,6.25,CONV,709863.09,BankOfAmerica
LOAN-00694,7.25,CONV,330975.42,BankOfAmerica
LOAN-00695,7.25,GNMA II,638454.79,JPMorgan
LOAN-00696,6.25,CONV,699955.06,GoldmanSachs
LOAN-00697,7.0,GNMA II,523628.86,JPMorgan
LOAN-00698,6.25,GNMA II,490453.53,GoldmanSachs
LOAN-00699,6.5,GNMA II,313030.6,MorganStanley
LOAN-00700,6.5,CONV,492369.62,GoldmanSachs
LOAN-00701,5.75,GNMA II,773195.84,CitiBank
LOAN-00702,5.5,CONV,704274.27,JPMorgan
LOAN-00703,6.0,GNMA II,185295.28,WellsFargo
LOAN-00704,6.25,CONV,432410.28,GoldmanSachs
LOAN-00705,6.5,CONV,350124.08,BankOfAmerica
LOAN-00706,5.75,CONV,451241.7,WellsFargo
LOAN-00707,6.75,CONV,764182.94,WellsFargo
LOAN-00708,5.5,GNMA II,606270.99,CitiBank
LOAN-00709,6.75,GNMA II,652888.11,CitiBank
LOAN-00710,6.25,CONV,673890.31,CitiBank
LOAN-00711,6.5,CONV,676407.4,WellsFargo
LOAN-00712,7.5,GNMA II,487622.32,CitiBank
LOAN-00713,6.75,GNMA II,113078.91,MorganStanley
LOAN-00714,7.25,GNMA II,169450.77,JPMorgan
LOAN-00715,7.25,CONV,80486.67,CitiBank
LOAN-00716,6.25,GNMA II,715146.39,WellsFargo
LOAN-00717,6.0,CONV,147204.79,WellsFargo
LOAN-00718,6.5,GNMA II,347727.51,MorganStanley
LOAN-00719,6.0,GNMA II,365365.93,WellsFargo
LOAN-00720,6.25,CONV,551949.36,MorganStanley
LOAN-00721,5.75,GNMA II,233663.25,BankOfAmerica
LOAN-00722,6.0,GNMA II,453999.86,CitiBank
LOAN-00723,5.5,GNMA II,580829.92,BankOfAmerica
LOAN-00724,7.0,GNMA II,423944.17,JPMorgan
LOAN-00725,7.0,GNMA II,606149.63,BankOfAmerica
LOAN-00726,5.75,CONV,344644.42,WellsFargo
LOAN-00727,6.0,CONV,636891.55,JPMorgan
LOAN-00728,6.0,GNMA II,461965.96,BankOfAmerica
LOAN-00729,6.0,CONV,332855.16,JPMorgan
LOAN-00730,6.0,CONV,523574.73,CitiBank
LOAN-00731,6.25,GNMA II,725546.92,JPMorgan
LOAN-00732,5.75,CONV,333105.66,CitiBank
LOAN-00733,6.75,GNMA II,258406.19,MorganStanley
LOAN-00734,5.75,GNMA II,478445.57,GoldmanSachs
LOAN-00735,6.5,GNMA II,690482.32,MorganStanley
LOAN-00736,6.5,GNMA II,452779.37,GoldmanSachs
LOAN-00737,6.25,CONV,292790.28,BankOfAmerica
LOAN-00738,6.25,CONV,357837.61,JPMorgan
LOAN-00739,7.25,GNMA II,460366.28,BankOfAmerica
LOAN-00740,6.75,CONV,175027.67,GoldmanSachs
LOAN-00741,7.0,CONV,473376.48,JPMorgan
LOAN-00742,7.25,GNMA II,92016.37,BankOfAmerica
LOAN-00743,5.5,CONV,235334.92,BankOfAmerica
LOAN-00744,7.0,CONV,532570.9,GoldmanSachs
LOAN-00745,7.0,CONV,585303.66,BankOfAmerica
LOAN-00746,7.5,GNMA II,279776.77,WellsFargo
LOAN-00747,5.75,GNMA II,781505.64,JPMorgan
LOAN-00748,7.5,CONV,361326.68,MorganStanley
LOAN-00749,5.75,CONV,583046.63,MorganStanley
LOAN-00750,6.25,GNMA II,256025.42,CitiBank
LOAN-00751,5.75,CONV,520853.69,BankOfAmerica
LOAN-00752,6.5,GNMA II,165998.96,MorganStanley
LOAN-00753,6.0,GNMA II,197959.49,WellsFargo
LOAN-00754,7.5,CONV,200213.33,JPMorgan
LOAN-00755,6.5,GNMA II,635429.81,BankOfAmerica
LOAN-00756,6.75,CONV,275826.03,BankOfAmerica
LOAN-00757,6.5,GNMA II,437226.25,GoldmanSachs
LOAN-00758,6.75,GNMA II,439719.2,GoldmanSachs
LOAN-00759,6.0,CONV,193263.19,BankOfAmerica
LOAN-00760,5.75,GNMA II,613361.57,BankOfAmerica
LOAN-00761,5.5,GNMA II,256077.04,CitiBank
LOAN-00762,6.75,CONV,742563.11,JPMorgan
LOAN-00763,5.5,CONV,241651.03,JPMorgan
LOAN-00764,7.0,CONV,275305.73,BankOfAmerica
LOAN-00765,6.75,GNMA II,441469.48,BankOfAmerica
LOAN-00766,6.0,GNMA II,659123.37,BankOfAmerica
LOAN-00767,7.0,GNMA II,711433.69,WellsFargo
LOAN-00768,6.5,CONV,142197.58,CitiBank
LOAN-00769,5.5,CONV,224483.23,GoldmanSachs
LOAN-00770,6.5,GNMA II,414027.22,GoldmanSachs
LOAN-00771,7.25,GNMA II,607373.6,GoldmanSachs
LOAN-00772,6.25,GNMA II,84592.08,CitiBank
LOAN-00773,5.5,GNMA II,469912.54,MorganStanley
LOAN-00774,5.5,CONV,81052.67,MorganStanley
LOAN-00775,7.0,CONV,154843.29,GoldmanSachs
LOAN-00776,6.25,CONV,434260.79,BankOfAmerica
LOAN-00777,6.0,CONV,146979.18,JPMorgan
LOAN-00778,7.5,CONV,584609.77,WellsFargo
LOAN-00779,7.25,GNMA II,498154.85,GoldmanSachs
LOAN-00780,6.0,CONV,133877.95,GoldmanSachs
LOAN-00781,5.5,CONV,556959.63,JPMorgan
LOAN-00782,6.25,CONV,267913.48,WellsFargo
LOAN-00783,7.0,CONV,309001.56,WellsFargo
LOAN-00784,6.25,GNMA II,759359.37,JPMorgan
LOAN-00785,5.75,GNMA II,156073.58,CitiBank
LOAN-00786,7.25,CONV,372689.04,GoldmanSachs
LOAN-00787,6.75,GNMA II,405380.3,CitiBank
LOAN-00788,6.5,GNMA II,145103.04,MorganStanley
LOAN-00789,6.5,GNMA II,234814.97,WellsFargo
LOAN-00790,6.0,GNMA II,592033.33,WellsFargo
LOAN-00791,7.0,GNMA II,567572.03,WellsFargo
LOAN-00792,6.0,GNMA II,765509.56,CitiBank
LOAN-00793,7.5,GNMA II,148202.2,BankOfAmerica
LOAN-00794,6.0,GNMA II,88608.98,JPMorgan
LOAN-00795,6.0,GNMA II,673044.86,WellsFargo
LOAN-00796,5.75,CONV,740548.58,BankOfAmerica
LOAN-00797,5.5,GNMA II,222380.24,MorganStanley
LOAN-00798,7.25,GNMA II,146224.62,WellsFargo
LOAN-00799,5.75,GNMA II,758442.08,BankOfAmerica
LOAN-00800,6.0,CONV,671613.49,CitiBank
LOAN-00801,7.25,GNMA II,355565.2,CitiBank
LOAN-00802,6.0,CONV,234595.6,JPMorgan
LOAN-00803,6.5,CONV,401128.23,JPMorgan
LOAN-00804,5.5,GNMA II,546040.45,CitiBank
LOAN-00805,7.0,CONV,123904.93,WellsFargo
LOAN-00806,7.0,GNMA II,381849.07,MorganStanley
LOAN-00807,7.5,GNMA II,534143.16,GoldmanSachs
LOAN-00808,5.5,CONV,642979.35,WellsFargo
LOAN-00809,7.25,CONV,327704.57,GoldmanSachs
LOAN-00810,7.5,CONV,359634.52,JPMorgan
LOAN-00811,5.5,CONV,509923.77,BankOfAmerica
LOAN-00812,6.5,GNMA II,662230.8,CitiBank
LOAN-00813,7.5,CONV,632126.36,JPMorgan
LOAN-00814,6.0,GNMA II,258457.08,JPMorgan
LOAN-00815,6.5,GNMA II,630115.8,JPMorgan
LOAN-00816,7.0,CONV,753348.34,JPMorgan
LOAN-00817,6.0,GNMA II,506614.05,MorganStanley
LOAN-00818,6.75,GNMA II,586486.08,WellsFargo
LOAN-00819,6.0,GNMA II,682421.73,CitiBank
LOAN-00820,7.5,CONV,206400.87,BankOfAmerica
LOAN-00821,5.75,GNMA II,247488.82,JPMorgan
LOAN-00822,5.5,CONV,80492.12,GoldmanSachs
LOAN-00823,6.25,GNMA II,325346.51,JPMorgan
LOAN-00824,6.75,GNMA II,95777.29,GoldmanSachs
LOAN-00825,6.0,GNMA II,689466.24,WellsFargo
LOAN-00826,5.75,CONV,587267.37,MorganStanley
LOAN-00827,7.0,GNMA II,322323.97,WellsFargo
LOAN-00828,6.0,GNMA II,607293.46,CitiBank
LOAN-00829,7.25,CONV,205425.92,GoldmanSachs
LOAN-00830,6.75,GNMA II,559182.8,JPMorgan
LOAN-00831,7.0,CONV,608476.38,WellsFargo
LOAN-00832,6.0,GNMA II,604758.29,MorganStanley
LOAN-00833,7.0,GNMA II,211098.86,WellsFargo
LOAN-00834,6.25,GNMA II,754415.21,JPMorgan
LOAN-00835,6.75,GNMA II,251357.07,WellsFargo
LOAN-00836,6.0,GNMA II,671596.5,MorganStanley
LOAN-00837,6.75,CONV,88204.85,JPMorgan
LOAN-00838,6.25,GNMA II,332346.44,BankOfAmerica
LOAN-00839,5.5,GNMA II,357874.71,MorganStanley
LOAN-00840,7.0,GNMA II,716877.44,CitiBank
LOAN-00841,7.0,CONV,473137.26,BankOfAmerica
LOAN-00842,7.25,GNMA II,197112.69,BankOfAmerica
LOAN-00843,5.5,CONV,94456.16,WellsFargo
LOAN-00844,5.75,GNMA II,326101.9,CitiBank
LOAN-00845,6.0,GNMA II,473873.31,BankOfAmerica
LOAN-00846,6.75,CONV,587243.35,CitiBank
LOAN-00847,6.0,CONV,193114.72,BankOfAmerica
LOAN-00848,6.75,GNMA II,781566.86,CitiBank
LOAN-00849,7.5,CONV,555630.48,WellsFargo
LOAN-00850,6.25,GNMA II,115737.52,GoldmanSachs
LOAN-00851,7.5,CONV,190584.75,WellsFargo
LOAN-00852,5.5,CONV,143092.42,MorganStanley
LOAN-00853,7.25,GNMA II,149830.57,JPMorgan
LOAN-00854,6.0,CONV,783481.54,CitiBank
LOAN-00855,5.75,CONV,645111.13,CitiBank
LOAN-00856,7.25,CONV,145618.55,GoldmanSachs
LOAN-00857,7.0,GNMA II,347134.78,CitiBank
LOAN-00858,6.75,GNMA II,400958.19,WellsFargo
LOAN-00859,7.25,CONV,269648.58,WellsFargo
LOAN-00860,5.5,GNMA II,621609.3,MorganStanley
LOAN-00861,5.75,GNMA II,561061.65,GoldmanSachs
LOAN-00862,7.0,GNMA II,478593.37,CitiBank
LOAN-00863,7.5,CONV,775251.95,MorganStanley
LOAN-00864,7.25,GNMA II,422908.84,BankOfAmerica
LOAN-00865,7.0,GNMA II,441513.06,GoldmanSachs
LOAN-00866,6.0,GNMA II,763463.47,CitiBank
LOAN-00867,6.0,GNMA II,779958.71,JPMorgan
LOAN-00868,6.0,GNMA II,384829.93,MorganStanley
LOAN-00869,7.0,GNMA II,798033.84,MorganStanley
LOAN-00870,6.0,CONV,310219.63,MorganStanley
LOAN-00871,5.75,GNMA II,359431.39,CitiBank
LOAN-00872,7.5,CONV,696769.41,GoldmanSachs
LOAN-00873,7.25,GNMA II,646316.46,GoldmanSachs
LOAN-00874,7.5,CONV,161013.57,JPMorgan
LOAN-00875,6.0,GNMA II,745948.28,GoldmanSachs
LOAN-00876,5.75,CONV,704582.19,WellsFargo
LOAN-00877,7.0,CONV,355791.3,CitiBank
LOAN-00878,7.25,GNMA II,203983.8,CitiBank
LOAN-00879,6.0,CONV,107923.42,WellsFargo
LOAN-00880,6.25,GNMA II,616939.87,WellsFargo
LOAN-00881,6.75,GNMA II,323263.58,WellsFargo
LOAN-00882,6.5,CONV,686849.53,MorganStanley
LOAN-00883,5.75,GNMA II,176757.58,MorganStanley
LOAN-00884,7.25,CONV,273982.39,CitiBank
LOAN-00885,5.75,GNMA II,398035.95,CitiBank
LOAN-00886,7.25,CONV,671132.52,GoldmanSachs
LOAN-00887,6.0,GNMA II,304008.63,GoldmanSachs
LOAN-00888,7.0,GNMA II,641971.83,GoldmanSachs
LOAN-00889,5.5,GNMA II,218789.68,JPMorgan
LOAN-00890,5.5,GNMA II,103811.15,BankOfAmerica
LOAN-00891,6.75,GNMA II,277263.8,CitiBank
LOAN-00892,7.5,CONV,537495.06,BankOfAmerica
LOAN-00893,5.5,GNMA II,348176.07,GoldmanSachs
LOAN-00894,7.25,GNMA II,771574.67,CitiBank
LOAN-00895,7.5,CONV,327859.28,WellsFargo
LOAN-00896,5.75,CONV,99764.35,BankOfAmerica
LOAN-00897,6.0,GNMA II,697120.05,MorganStanley
LOAN-00898,6.25,GNMA II,273740.18,CitiBank
LOAN-00899,7.5,GNMA II,702533.55,MorganStanley
LOAN-00900,5.5,CONV,736291.12,MorganStanley
LOAN-00901,6.0,GNMA II,241114.42,GoldmanSachs
LOAN-00902,6.5,CONV,385140.9,CitiBank
LOAN-00903,6.75,CONV,261439.07,CitiBank
LOAN-00904,6.5,CONV,500830.75,BankOfAmerica
LOAN-00905,7.5,CONV,484249.12,GoldmanSachs
LOAN-00906,6.5,CONV,572777.46,CitiBank
LOAN-00907,5.75,CONV,791619.9,MorganStanley
LOAN-00908,6.75,CONV,268025.77,MorganStanley
LOAN-00909,6.5,GNMA II,187949.09,JPMorgan
LOAN-00910,5.5,CONV,555581.83,MorganStanley
LOAN-00911,6.0,GNMA II,551888.41,WellsFargo
LOAN-00912,6.5,CONV,371311.2,MorganStanley
LOAN-00913,5.5,GNMA II,327080.28,MorganStanley
LOAN-00914,6.25,CONV,732699.08,MorganStanley
LOAN-00915,6.75,CONV,688701.86,MorganStanley
LOAN-00916,7.5,GNMA II,291524.52,CitiBank
LOAN-00917,6.0,CONV,602134.38,GoldmanSachs
LOAN-00918,6.0,CONV,551192.94,JPMorgan
LOAN-00919,6.75,GNMA II,615831.15,WellsFargo
LOAN-00920,7.0,CONV,347611.35,GoldmanSachs
LOAN-00921,6.5,CONV,692874.0,CitiBank
LOAN-00922,5.5,GNMA II,419998.17,JPMorgan
LOAN-00923,7.5,GNMA II,704598.38,CitiBank
LOAN-00924,7.5,CONV,377437.22,JPMorgan
LOAN-00925,6.0,GNMA II,326722.32,GoldmanSachs
LOAN-00926,7.25,GNMA II,307796.09,MorganStanley
LOAN-00927,6.0,GNMA II,431058.21,MorganStanley
LOAN-00928,6.0,CONV,536839.26,BankOfAmerica
LOAN-00929,7.25,CONV,230755.31,JPMorgan
LOAN-00930,6.0,CONV,645351.85,BankOfAmerica
LOAN-00931,6.0,CONV,536111.03,CitiBank
LOAN-00932,7.0,CONV,355987.82,BankOfAmerica
LOAN-00933,7.5,GNMA II,606074.53,BankOfAmerica
LOAN-00934,6.75,GNMA II,92899.61,BankOfAmerica
LOAN-00935,6.25,GNMA II,579337.82,WellsFargo
LOAN-00936,6.5,GNMA II,153949.92,GoldmanSachs
LOAN-00937,6.5,GNMA II,127006.66,BankOfAmerica
LOAN-00938,6.5,CONV,408266.94,GoldmanSachs
LOAN-00939,7.5,CONV,392238.97,MorganStanley
LOAN-00940,6.0,CONV,797220.02,CitiBank
LOAN-00941,6.75,GNMA II,198716.13,CitiBank
LOAN-00942,5.5,GNMA II,241511.38,JPMorgan
LOAN-00943,6.25,GNMA II,504578.84,JPMorgan
LOAN-00944,5.75,CONV,591999.26,BankOfAmerica
LOAN-00945,7.0,CONV,635299.76,GoldmanSachs
LOAN-00946,5.5,GNMA II,556618.34,MorganStanley
LOAN-00947,5.5,GNMA II,576619.82,CitiBank
LOAN-00948,7.25,CONV,168988.45,WellsFargo
LOAN-00949,7.25,GNMA II,227956.34,MorganStanley
LOAN-00950,5.5,CONV,383027.45,BankOfAmerica
LOAN-00951,7.5,CONV,528414.4,MorganStanley
LOAN-00952,6.0,CONV,678069.96,BankOfAmerica
LOAN-00953,7.5,GNMA II,283548.87,BankOfAmerica
LOAN-00954,7.25,GNMA II,518481.3,WellsFargo
LOAN-00955,7.5,GNMA II,337703.72,CitiBank
LOAN-00956,6.5,GNMA II,108372.11,CitiBank
LOAN-00957,6.25,CONV,318034.6,BankOfAmerica
LOAN-00958,5.5,GNMA II,732953.63,GoldmanSachs
LOAN-00959,7.25,GNMA II,763601.13,GoldmanSachs
LOAN-00960,5.75,GNMA II,731441.16,MorganStanley
LOAN-00961,6.25,CONV,791839.47,WellsFargo
LOAN-00962,6.5,CONV,116057.74,JPMorgan
LOAN-00963,5.5,CONV,339354.56,MorganStanley
LOAN-00964,6.75,CONV,611748.94,BankOfAmerica
LOAN-00965,5.5,GNMA II,693439.08,MorganStanley
LOAN-00966,6.0,CONV,337419.73,CitiBank
LOAN-00967,6.5,GNMA II,348287.95,WellsFargo
LOAN-00968,6.0,GNMA II,368559.81,CitiBank
LOAN-00969,6.5,CONV,576729.75,CitiBank
LOAN-00970,7.0,GNMA II,161400.72,MorganStanley
LOAN-00971,5.5,GNMA II,154673.44,GoldmanSachs
LOAN-00972,7.25,CONV,210507.6,CitiBank
LOAN-00973,6.75,GNMA II,701054.56,MorganStanley
LOAN-00974,6.0,CONV,742686.55,BankOfAmerica
LOAN-00975,7.0,CONV,113100.07,WellsFargo
LOAN-00976,6.75,GNMA II,587289.09,MorganStanley
LOAN-00977,7.5,GNMA II,784084.8,MorganStanley
LOAN-00978,6.75,GNMA II,391650.49,MorganStanley
LOAN-00979,6.25,CONV,328939.63,MorganStanley
LOAN-00980,7.0,GNMA II,684103.78,GoldmanSachs
LOAN-00981,5.5,GNMA II,543247.08,JPMorgan
LOAN-00982,7.5,CONV,693347.23,JPMorgan
LOAN-00983,5.75,CONV,310856.35,WellsFargo
LOAN-00984,6.5,GNMA II,444989.12,GoldmanSachs
LOAN-00985,7.0,CONV,668314.38,BankOfAmerica
LOAN-00986,7.25,CONV,656908.13,CitiBank
LOAN-00987,5.75,CONV,401889.05,BankOfAmerica
LOAN-00988,7.25,GNMA II,153903.19,CitiBank
LOAN-00989,5.5,GNMA II,674654.31,GoldmanSachs
LOAN-00990,6.5,GNMA II,551309.11,CitiBank
LOAN-00991,6.75,CONV,674223.91,JPMorgan
LOAN-00992,7.25,CONV,483308.61,GoldmanSachs
LOAN-00993,7.25,CONV,595457.72,BankOfAmerica
LOAN-00994,5.75,GNMA II,81581.8,WellsFargo
LOAN-00995,6.5,CONV,585509.16,BankOfAmerica
LOAN-00996,6.0,CONV,181123.41,MorganStanley
LOAN-00997,7.0,GNMA II,263088.3,JPMorgan
LOAN-00998,6.25,GNMA II,749755.71,CitiBank
LOAN-00999,6.25,CONV,673678.98,JPMorgan
LOAN-01000,6.75,GNMA II,625147.53,BankOfAmerica
